training_step,train_loss,train_acc,val_loss,val_acc,llc
6400,0.00590082754823732,0.6044823232323232,0.008611413048862057,0.0071533768146433835,4086.166748046875
12800,0.005242990623839727,0.9513888888888888,0.00794833292057959,0.47464759099516096,4206.0625
19200,0.005422711579777028,1.0,0.00635435502794343,1.0,4231.83154296875
25600,0.006255111087647483,1.0,0.00653505032508233,1.0,4201.3203125
32000,0.006707974180703832,1.0,0.006855887005330167,1.0,4182.9072265625
