training_step,train_loss,train_acc,val_loss,val_acc,llc
6400,0.00524853502220244,0.9762931034482759,0.013860983419414412,0.023934897079942556,5162.2119140625
12800,0.0033758754263084716,1.0,0.010489941248291272,0.376256582096697,5133.65869140625
19200,0.0025006540052909887,1.0,0.007754778910326638,0.8602202010531355,5133.6845703125
25600,0.0023492583889586464,1.0,0.0061845958695197255,0.9947343226424127,5092.81103515625
32000,0.0025617227851628625,1.0,0.005270508762298338,1.0,5065.373046875
38400,0.0027405276880184746,1.0,0.004597269652086783,1.0,5025.23583984375
