training_step,train_loss,train_acc,val_loss,val_acc,llc
6400,0.005121529069466276,0.9737903225806451,0.013196276812791237,0.05553067622033139,4179.61474609375
12800,0.003215495233019684,1.0,0.009666525843677115,0.6139722346618899,4205.71826171875
19200,0.0026702472466915367,1.0,0.007284216553267247,0.961038961038961,4177.63916015625
25600,0.0028885766699214177,1.0,0.006205720175307893,0.9982086878638603,4145.59765625
32000,0.00304844396837276,1.0,0.005495110430024428,1.0,4115.99365234375
