training_step,train_loss,train_acc,val_loss,val_acc,llc
12800,0.0035958151356357423,0.12548288264286667,0.003639045786718709,0.0001775883502042266,16.89348602294922
25600,0.003378827445391023,0.6312774743572666,0.0035952349466952618,0.30847096430474163,25.77932357788086
38400,0.0029878258687057336,0.9997335819901425,0.003257922433861509,0.9976025572722429,46.45090866088867
51200,0.0030153451232911763,1.0,0.0031187014764967377,1.0,65.62149047851562
64000,0.0035263822903461874,1.0,0.0035803252663435237,1.0,70.69744873046875
