training_step,train_loss,train_acc,val_loss,val_acc,llc
12800,0.003738113839411961,0.9204545454545454,0.006547852176248043,0.07973911213970124,40.47346878051758
25600,0.0029434722944808363,1.0,0.0037872264211279844,1.0,55.048309326171875
38400,0.004475850082176615,1.0,0.004585028673149293,1.0,50.22809982299805
51200,0.005868931977528693,1.0,0.005894415033324791,1.0,48.189327239990234
