batch,train_loss,train_acc,val_loss,val_acc,llc
100,0.009098039075436994,0.182546749777382,0.009774360325174187,0.0,1.8052175045013428
200,0.008755410692069053,0.3606411398040962,0.010891744419534648,0.005338078291814947,2.946117401123047
300,0.008125776948717457,0.6090828138913624,0.010819217435681965,0.08718861209964412,3.2626614570617676
400,0.006800626404790783,0.8975957257346393,0.009225575692237996,0.5871886120996441,3.969651222229004
500,0.006496724448907368,0.9964381121994658,0.007914623704905735,0.9822064056939501,4.657934188842773
600,0.005892364304713434,1.0,0.00662458796578339,0.9994068801897983,4.964598655700684
700,0.0068826099537571735,1.0,0.007358861994053527,0.9994068801897983,5.242957592010498
