training_step,train_loss,train_acc,val_loss,val_acc,llc
3200,0.006159998202097735,0.5386904761904762,0.008156277144343154,0.00033057851239669424,7.18173885345459
6400,0.004993268600902945,0.9250992063492064,0.009258170051053782,0.14082644628099172,13.867773056030273
9600,0.0037691110129734235,1.0,0.0068467785078601155,0.9484297520661157,15.421221733093262
12800,0.0032933992665170487,1.0,0.004740396971190887,1.0,15.248115539550781
16000,0.0038756334676965333,1.0,0.004509781043099101,1.0,14.60689926147461
19200,0.004706209022731942,1.0,0.0049934080889648645,1.0,14.132381439208984
