training_step,train_loss,train_acc,val_loss,val_acc,llc
6400,0.00471813104619893,0.9691091954022989,0.01222172428444991,0.024413595021541407,21.68916130065918
12800,0.002880398297800158,1.0,0.010127180159651902,0.44614648157012926,25.1209774017334
19200,0.0024815454520251677,1.0,0.007703065111396799,0.9248444231689804,24.258472442626953
25600,0.00273931116647162,1.0,0.005863294849446861,0.9985639061752034,22.602680206298828
32000,0.003887652969804068,1.0,0.00529844184315154,1.0,21.185461044311523
38400,0.00568716728393438,1.0,0.006179745842035291,1.0,20.101215362548828
