training_step,train_loss,train_acc,val_loss,val_acc,llc
6400,0.006323834622932551,0.8974930362116992,0.012650493430609814,0.030066815144766147,3069.5
12800,0.005849435020492394,0.9994428969359331,0.011081545400926214,0.5939123979213066,3135.11083984375
19200,0.0058685040633222685,1.0,0.008542311674781812,0.994060876020787,3117.952880859375
25600,0.0061658803716011365,1.0,0.00762572398138908,1.0,3082.96533203125
32000,0.006358316512441154,1.0,0.007311484446464232,1.0,3078.51220703125
