batch,train_loss,train_acc,val_loss,val_acc,llc
100,0.004321350769752691,1.0,0.014768269344996374,0.08718861209964412,42.79914474487305
200,0.0033234401329446214,1.0,0.01127197488000084,0.43119810201660735,39.64306640625
300,0.0037736640689531318,1.0,0.008662857638101932,0.9549228944246738,36.627017974853516
400,0.005061791469579362,1.0,0.0069059098188015205,0.9988137603795967,33.464996337890625
500,0.007134542663234185,1.0,0.007533416811825348,1.0,31.424598693847656
