training_step,train_loss,train_acc,val_loss,val_acc,llc
6400,0.0054999637110168705,0.5160775976614403,0.007489544264424567,0.004782146652497344,4419.939453125
12800,0.004386874984102405,0.8814775445123572,0.006709256576535167,0.23733616719801628,4532.76123046875
19200,0.003490879947987615,1.0,0.004524337718087759,1.0,4625.9375
25600,0.0041655695406532444,1.0,0.004422580512943887,1.0,4633.3193359375
32000,0.0049258162889460316,1.0,0.005040592592990794,1.0,4625.51904296875
