training_step,train_loss,train_acc,val_loss,val_acc,llc
6400,0.008556566775090473,0.7439516129032258,0.013839968330857868,0.012091356918943126,1086.0804443359375
12800,0.00839575498786715,0.9247311827956989,0.013967992555003061,0.17375727720555306,1137.154541015625
19200,0.01027893751605554,0.9952956989247311,0.013406196969072887,0.8898343036274071,1169.719482421875
25600,0.010917756421696794,1.0,0.012006760299609506,1.0,1187.759521484375
32000,0.011014895637579743,1.0,0.011495598336198754,1.0,1211.392578125
38400,0.011144885778932842,1.0,0.011419859367801878,1.0,1180.71337890625
