training_step,train_loss,train_acc,val_loss,val_acc,llc
6400,0.005925325593385446,0.778584392014519,0.010179482527702585,0.012578616352201259,7814.1943359375
12800,0.004195626761203128,0.9945553539019963,0.007599017279376702,0.696903725205612,7840.90234375
19200,0.0033075076641984782,1.0,0.004607082955222929,0.9997581035316885,7769.94287109375
25600,0.0033138996957819875,1.0,0.003914533852577934,1.0,7668.63818359375
32000,0.003635937301273003,1.0,0.003997617819534374,1.0,7654.400390625
