training_step,train_loss,train_acc,val_loss,val_acc,llc
6400,0.004272554396322157,0.25044057176424517,0.004530769606485294,0.0,10.929499626159668
12800,0.0038054533708448165,0.6882710005874291,0.0046989087114332785,0.16666666666666666,20.615522384643555
19200,0.0025382370365969946,1.0,0.0029664764797528447,1.0,33.829002380371094
25600,0.0031086260882602535,1.0,0.00318915704321758,1.0,35.22578048706055
32000,0.0038498687661457707,1.0,0.0038714180842999305,1.0,34.621490478515625
