training_step,train_loss,train_acc,val_loss,val_acc,llc
6400,0.005271251382809543,0.546813725490196,0.007464834745760944,0.0027773239666721125,7245.70458984375
12800,0.004427919362919341,0.8928921568627451,0.0067926934082502295,0.2888416925338997,7388.8857421875
19200,0.00356950459193767,1.0,0.004348405082252871,1.0,7411.23046875
25600,0.00381974017814797,1.0,0.004046362183112916,1.0,7324.07177734375
32000,0.004112526732405611,1.0,0.004225319564585029,1.0,7319.556640625
