training_step,train_loss,train_acc,val_loss,val_acc,llc
3200,0.006106347551220588,0.4955419990614735,0.007978118535712491,0.0006253908692933083,7.39897346496582
6400,0.0049099288514261544,0.8897231346785547,0.008960704071787399,0.10569105691056911,13.86372184753418
9600,0.003911781166070493,0.999061473486626,0.006883333040721099,0.9215134459036898,15.71302604675293
12800,0.0037923377206752706,1.0,0.0051976270573836905,1.0,15.570391654968262
16000,0.004373971256263579,1.0,0.004976862541276419,1.0,14.977165222167969
19200,0.004974427232007461,1.0,0.005226457353041806,1.0,14.560417175292969
