training_step,train_loss,train_acc,val_loss,val_acc,llc
6400,0.0054680532861123635,0.9727011494252874,0.014564110375869467,0.034944949736716135,4026.30224609375
12800,0.0036693031268378975,1.0,0.011510343628798648,0.305409286740067,4054.52099609375
19200,0.0033743652903498954,1.0,0.00957591855067487,0.7132599329822882,4029.2802734375
25600,0.0027976414047739596,1.0,0.00757484481317317,0.9573958831977023,3996.41796875
32000,0.003071680929292336,1.0,0.006667474932101938,0.9956917185256103,3970.732421875
38400,0.0031423062625028,1.0,0.005735235841001454,0.9995213020584012,3926.90625
