training_step,train_loss,train_acc,val_loss,val_acc,llc
12800,0.00328620354141509,0.042105263157894736,0.0032909784894759268,0.0005847525765660405,16.965829849243164
25600,0.0032805695300850315,0.042214912280701754,0.003298226321587435,0.0016811636576273665,17.25118064880371
38400,0.0032543150663657703,0.12916666666666668,0.003317559925660542,0.011037204882684015,19.24873161315918
51200,0.003183501045267596,0.3557017543859649,0.003275539266943793,0.15086616475403844,21.87080955505371
64000,0.003107264222247371,0.706140350877193,0.0032167726608673852,0.5417732621884365,25.883337020874023
76800,0.0031742084668765435,0.9184210526315789,0.0032752869324408065,0.8706965865068343,29.838008880615234
89600,0.0031849564176171267,0.9816885964912281,0.003275008963540934,0.9684233608654338,32.57794952392578
102400,0.0032058699582672777,0.9902412280701754,0.0032892787598474303,0.9858928440903443,33.80561065673828
115200,0.003200759906949794,0.9948464912280702,0.0032775339041610212,0.9918865580001461,34.63789367675781
