training_step,train_loss,train_acc,val_loss,val_acc,llc
6400,0.006077501286386113,0.7608173076923077,0.010044846008065466,0.010146862483311082,3637.66845703125
12800,0.005241522545521804,0.9863782051282052,0.008881389087834488,0.5703604806408544,3723.805419921875
19200,0.005554440826810419,1.0,0.00690404929653387,0.9997329773030708,3722.81201171875
25600,0.005802271608748318,1.0,0.006298046187685432,1.0,3708.225341796875
32000,0.006326069117886408,1.0,0.006602407514785375,1.0,3693.9306640625
