batch,train_loss,train_acc,val_loss,val_acc,llc
100,0.007533245943884763,0.8815672306322351,0.015926223894534797,0.01542111506524318,12.944116592407227
200,0.004446251879513383,0.9884238646482636,0.012534374535505793,0.1601423487544484,13.106947898864746
300,0.0030365120718016795,0.9991095280498664,0.009291902692129003,0.7621589561091341,12.787226676940918
400,0.0024431823895462953,1.0,0.007010043278880072,0.9810201660735468,12.308975219726562
500,0.002600605363952608,1.0,0.005984422830038418,1.0,11.977996826171875
600,0.002623423459095414,1.0,0.005130737262346018,1.0,11.65892219543457
