training_step,train_loss,train_acc,val_loss,val_acc,llc
6400,0.004875337024456868,0.5763888888888888,0.006302666197012261,0.0008415737428992215,14.427318572998047
12800,0.003525535284382505,0.9968434343434344,0.005729106457334959,0.9223648222175468,29.16097068786621
19200,0.0036030094709007462,1.0,0.004126054325720811,1.0,30.64006805419922
25600,0.004292453270854729,1.0,0.004422243293915583,1.0,29.308258056640625
32000,0.005255397847521994,1.0,0.005299564170191257,1.0,28.51245880126953
