batch,train_loss,train_acc,val_loss,val_acc,llc
100,0.010083274388991011,0.42475512021371326,0.013264474917472752,0.0035587188612099642,2.5826632976531982
200,0.008778787560956694,0.6482635796972396,0.01396409406913345,0.00830367734282325,3.476402759552002
300,0.008368613950797056,0.8361531611754229,0.014523635902867375,0.05219454329774614,4.125302791595459
400,0.00809098865761391,0.9332146037399822,0.01353075683353334,0.298932384341637,4.3781232833862305
500,0.008116405178400508,0.9804096170970614,0.012450721660631124,0.7740213523131673,4.795957565307617
600,0.008086250810067062,0.9991095280498664,0.010954878268120445,0.9567022538552787,5.047413349151611
700,0.008180631457754176,1.0,0.009866135508652825,0.9970344009489917,5.196390151977539
800,0.008616820353440748,1.0,0.009638454123209026,1.0,5.242785453796387
