training_step,train_loss,train_acc,val_loss,val_acc,llc
3200,0.006092013578870715,0.7190860215053764,0.01018834338105124,0.0026869682042095834,8.353944778442383
6400,0.003955867255475217,0.978494623655914,0.010338523576976177,0.18181818181818182,13.635980606079102
9600,0.0028067212973524797,1.0,0.007853285100876592,0.819525302283923,14.179611206054688
12800,0.002745493804370629,1.0,0.006037605196413568,0.9959695476936856,13.741308212280273
16000,0.0029909595543886687,1.0,0.004942315313639766,1.0,13.303365707397461
19200,0.0037577158368695828,1.0,0.00481522584196799,1.0,12.681205749511719
