training_step,train_loss,train_acc,val_loss,val_acc,llc
3200,0.004601734507012137,0.177986459925748,0.004789179161575987,0.0011644832605531296,6.058511257171631
6400,0.004627107986599674,0.2806289582878358,0.005278835497021111,0.0,9.562777519226074
9600,0.004293699134207817,0.47412098711509065,0.00536503040718438,0.006695778748180495,12.42637825012207
12800,0.003690161199117135,0.911771129067482,0.0048257998057967795,0.617612809315866,15.046510696411133
16000,0.003055455816053806,1.0,0.0037548361796535977,1.0,18.36606216430664
19200,0.002907149656304569,1.0,0.003112859568549144,1.0,19.98331069946289
22400,0.003461504037632113,1.0,0.003539857116129298,1.0,19.92165756225586
