batch,train_loss,train_acc,val_loss,val_acc,llc
100,0.006183046863753538,0.9839715048975958,0.016252125881298547,0.036180308422301306,23.027435302734375
200,0.005010969303249782,1.0,0.015436339585391158,0.10083036773428232,25.094694137573242
300,0.004267015274429987,1.0,0.01385937895391618,0.18801897983392646,24.712759017944336
400,0.003803915766300841,1.0,0.012362343280146413,0.3107947805456702,23.796375274658203
500,0.0035442166278787284,1.0,0.010837438836702603,0.5403321470937129,23.055891036987305
600,0.0036415845781435337,1.0,0.00944147517789743,0.8469750889679716,22.088285446166992
700,0.0037613748089689843,1.0,0.007942912803492195,0.9798339264531435,21.013845443725586
800,0.0043065629757274,1.0,0.006937760112902165,0.998220640569395,20.133453369140625
900,0.0050551114265515885,1.0,0.0064999554756463174,1.0,19.348125457763672
