batch,train_loss,train_acc,val_loss,val_acc,llc
100,0.006597280213095162,0.8308103294746215,0.013365173449989493,0.006524317912218268,8.938615798950195
200,0.004634090490060347,0.9884238646482636,0.01294613104923446,0.13997627520759193,12.385393142700195
300,0.0032727128617923277,0.9991095280498664,0.01037692232416503,0.5183867141162515,12.585594177246094
400,0.00275787331803701,1.0,0.00826608407582363,0.8938315539739027,12.24704647064209
500,0.002798812082186607,1.0,0.006763426891212105,0.9845788849347569,11.8070707321167
600,0.003028649744931824,1.0,0.0055982995138107,1.0,11.375574111938477
700,0.0037299848739256814,1.0,0.005204235348427361,1.0,10.918798446655273
