training_step,train_loss,train_acc,val_loss,val_acc,llc
6400,0.003854668533548925,0.9955476402493322,0.01402212897302364,0.03914590747330961,4497.306640625
12800,0.0027530596535346027,1.0,0.011718129839975727,0.2040332147093713,4480.1396484375
19200,0.0019858033386559184,1.0,0.009505845414925353,0.5195729537366548,4460.3125
25600,0.001894139994901148,1.0,0.007866158435443771,0.8795966785290629,4427.87255859375
32000,0.001783145222467066,1.0,0.006092567136152156,0.9958481613285883,4413.01171875
38400,0.0020042682956623865,1.0,0.0049440644656320145,1.0,4369.3017578125
44800,0.0021501572341148145,1.0,0.0040857865394193634,1.0,4321.626953125
