training_step,train_loss,train_acc,val_loss,val_acc,llc
3200,0.004842138962475492,0.20637254901960783,0.005113453042231351,0.0006534879921581441,6.108318328857422
6400,0.004820426692586967,0.35465686274509806,0.005745458235503767,0.0008168599901976801,10.03324031829834
9600,0.00418961911066207,0.7051470588235295,0.0056059001198653455,0.1378859663453684,13.540453910827637
12800,0.0032104238514804426,0.9980392156862745,0.004328926822684585,0.9931383760823395,17.11821174621582
16000,0.002966190757191119,1.0,0.0033916870064076704,1.0,19.220680236816406
19200,0.0036994722279761094,1.0,0.0038473527384637386,1.0,19.208576202392578
