batch,train_loss,train_acc,val_loss,val_acc,llc
100,0.006504546579940515,0.9910952804986642,0.016956573062767478,0.04329774614472123,24.78407859802246
200,0.004846805006884311,1.0,0.014135064461908148,0.1601423487544484,24.12774658203125
300,0.004523321640373391,1.0,0.012446275759490553,0.3517200474495848,23.302188873291016
400,0.004010079241128023,1.0,0.010578163640136131,0.6684460260972717,22.340286254882812
500,0.003775341279318727,1.0,0.008875963861434273,0.9122182680901542,21.456602096557617
600,0.0039445147331296495,1.0,0.0076339641885063035,0.9970344009489917,20.574642181396484
700,0.003917212237895052,1.0,0.006441501113680034,1.0,19.58462142944336
800,0.004148703124059011,1.0,0.005796228637526636,1.0,19.16458511352539
