training_step,train_loss,train_acc,val_loss,val_acc,llc
12800,0.004616187311932995,0.9986559139784946,0.012799079825645383,0.07702642185400806,44.97947692871094
25600,0.0031852156353516063,1.0,0.009016622147538298,0.7527989252127183,44.961849212646484
38400,0.003393876099688632,1.0,0.006092753243393632,0.9986565158978952,40.943538665771484
51200,0.005103613489985927,1.0,0.0058096793239983775,1.0,37.0837516784668
64000,0.007697157456316755,1.0,0.007824991737520326,1.0,35.37898254394531
