batch,train_loss,train_acc,val_loss,val_acc,llc
100,0.004967159211373526,1.0,0.016442205554729465,0.028469750889679714,44.22821044921875
200,0.004255803636559688,1.0,0.014959272901745223,0.07176749703440095,44.15311813354492
300,0.0036041603416605843,1.0,0.012911708748756886,0.18920521945432978,42.224945068359375
400,0.0033745169842769977,1.0,0.010879542081465465,0.5510083036773428,39.97016143798828
500,0.003437333481132533,1.0,0.008710810453669652,0.9478054567022538,37.64152145385742
600,0.004070597183695751,1.0,0.0069357355156734425,1.0,35.31782531738281
700,0.00570721403245324,1.0,0.00679533364149617,1.0,33.13275909423828
800,0.007963857800100175,1.0,0.008254901118231838,1.0,31.91371726989746
