training_step,train_loss,train_acc,val_loss,val_acc,llc
6400,0.009434958176193086,0.8486197684772929,0.017409300240483642,0.020166073546856466,975.6398315429688
12800,0.010811065176861794,0.9741763134461264,0.018928017656176327,0.26986951364175565,1007.9391479492188
19200,0.011557945709605888,0.9991095280498664,0.016455328802347253,0.8410438908659549,1034.534912109375
25600,0.012395967624066456,1.0,0.014455888202703366,0.9887307236061684,1037.960693359375
32000,0.012627092249797639,1.0,0.013683881396858612,0.998220640569395,1040.2288818359375
38400,0.012638340733998447,1.0,0.013282555832128754,1.0,1008.763671875
