batch,train_loss,train_acc,val_loss,val_acc,llc
100,0.0052717596390769745,0.9919857524487978,0.015929195832147365,0.03855278766310795,25.294692993164062
200,0.0038269243040557482,1.0,0.01370650193071786,0.1417556346381969,24.85882568359375
300,0.003767142684562986,1.0,0.01249616522693284,0.2876631079478055,24.018024444580078
400,0.003429896910803414,1.0,0.01105798917937436,0.5373665480427047,23.207805633544922
500,0.0033946911641002655,1.0,0.009730888099751015,0.7591933570581257,22.351009368896484
600,0.0033822635204041125,1.0,0.008278390235783507,0.9519572953736655,21.51773452758789
700,0.0034403344191269135,1.0,0.007043965414391824,0.9958481613285883,20.503826141357422
800,0.0032617019135703995,1.0,0.00588198285397973,1.0,20.035018920898438
