batch,train_loss,train_acc,val_loss,val_acc,llc
100,0.0066432687001593905,0.1694040356640075,0.006934269236457803,0.00031269543464665416,2.3448333740234375
200,0.006567204996437824,0.29328953542937586,0.007421735123882048,0.0015634771732332708,3.380735158920288
300,0.0061571225286310635,0.48568747067104645,0.00781108598280733,0.01938711694809256,4.885245323181152
400,0.0052247741186977345,0.8662599718442046,0.0071910413063939116,0.424953095684803,6.051898002624512
500,0.004149603897247661,0.999061473486626,0.005637506908431924,0.9906191369606003,7.186635494232178
600,0.003913323101047855,1.0,0.004651388879955687,1.0,7.803554534912109
700,0.003935345952346194,1.0,0.004255708219224891,1.0,7.901350975036621
