batch,train_loss,train_acc,val_loss,val_acc,llc
100,0.007562458844198609,0.8655387355298308,0.015566236521244437,0.013641755634638196,12.343036651611328
200,0.003999000617766542,0.9902048085485308,0.01111381361067675,0.30486358244365364,12.374781608581543
300,0.00256881353087501,1.0,0.007312124708008953,0.9727164887307236,11.965113639831543
400,0.0026192703217563225,1.0,0.005510198253992402,1.0,11.444755554199219
500,0.002980364127273697,1.0,0.004745094158630354,1.0,11.028526306152344
