batch,train_loss,train_acc,val_loss,val_acc,llc
100,0.008079271074815696,0.5645592163846839,0.011409352953332529,0.0017793594306049821,3.409809112548828
200,0.006105376314516955,0.8717720391807658,0.013130251033185216,0.019572953736654804,6.41694450378418
300,0.0044152773601581026,0.9804096170970614,0.011594460018792257,0.18446026097271648,6.95907735824585
400,0.0036443862773789856,0.9964381121994658,0.009835038432179732,0.6346381969157769,7.212045192718506
500,0.002985452567492566,0.9991095280498664,0.007864951335052791,0.9567022538552787,7.125380516052246
600,0.002805734884436719,1.0,0.0065420540921060834,0.9970344009489917,6.92733097076416
700,0.0025053598275507666,1.0,0.0052617803742956645,1.0,6.7701544761657715
