training_step,train_loss,train_acc,val_loss,val_acc,llc
3200,0.004352184938885445,0.16350107695320149,0.004493775974734995,0.00013051422605063953,6.049415588378906
6400,0.004403354660980805,0.24006265909535932,0.004855226635878468,0.00039154267815191856,9.020418167114258
9600,0.004288406187367728,0.3642059917759937,0.005058893666601942,0.0015661707126076742,11.410670280456543
12800,0.0038283375148588125,0.7100058742901899,0.0047706307219650135,0.23531714956930305,13.737836837768555
16000,0.0031919846446524167,0.996279616213041,0.003967756109587611,0.9831636648394675,16.865985870361328
19200,0.002861367359719857,1.0,0.0032215792721847747,1.0,19.766258239746094
22400,0.0029319018816777102,1.0,0.0030461099380211572,1.0,20.500715255737305
