training_step,train_loss,train_acc,val_loss,val_acc,llc
6400,0.004506680687344307,0.9583333333333334,0.011252632503932866,0.027317510076130765,21.542455673217773
12800,0.003117825095047323,0.9993279569892473,0.009385796768054453,0.5718763994626064,25.313167572021484
19200,0.0026449224282924827,1.0,0.006695847139821838,0.987012987012987,24.485809326171875
25600,0.0035145035400355774,1.0,0.00554150034120057,1.0,22.721471786499023
32000,0.005020678682085026,1.0,0.005770095723292857,1.0,21.42178726196289
