batch,train_loss,train_acc,val_loss,val_acc,llc
100,0.007475149413265573,0.9216384683882458,0.009220161055704118,0.43831553973902726,12.699666976928711
200,0.00822242555139671,1.0,0.008651679039248933,1.0,26.977157592773438
300,0.01034521514040651,1.0,0.010367718346810249,1.0,27.2982177734375
400,0.012039506168520196,1.0,0.011963966898598034,1.0,27.162551879882812
