training_step,train_loss,train_acc,val_loss,val_acc,llc
6400,0.005685219564280553,0.9387186629526463,0.012529815545785444,0.033778767631774315,4652.4404296875
12800,0.004313651990135068,1.0,0.009703065058681076,0.6826280623608018,4689.81787109375
19200,0.003898489032028902,1.0,0.007150123281813687,0.9899777282850779,4659.48779296875
25600,0.004204589204634423,1.0,0.006278966584622462,1.0,4610.6240234375
32000,0.004535475835686648,1.0,0.00598454728215081,1.0,4583.41357421875
