training_step,train_loss,train_acc,val_loss,val_acc,llc
12800,0.003801575661818259,0.9877991553261379,0.009250263711455056,0.14071294559099437,46.88126754760742
25600,0.0027058956439242796,1.0,0.005548933036759346,0.9965603502188868,49.980262756347656
38400,0.0037464403968211746,1.0,0.0044383229942627726,1.0,44.98460006713867
51200,0.005678244350947429,1.0,0.005805628678981003,1.0,41.73467254638672
