batch,train_loss,train_acc,val_loss,val_acc,llc
100,0.006197811855646507,0.12379807692307693,0.006300162793185626,0.001068090787716956,1.229095458984375
200,0.006145403772816047,0.21474358974358973,0.006506471063081269,0.0008010680907877169,1.7977145910263062
300,0.006098138619283698,0.29407051282051283,0.006928188340721008,0.000267022696929239,2.57468581199646
400,0.0058075419581142245,0.453125,0.007103941011651654,0.015220293724966623,3.5122783184051514
500,0.005338398238960415,0.7119391025641025,0.006880613889928176,0.17703604806408546,4.174393653869629
600,0.004869671724708706,0.9579326923076923,0.006389617546273766,0.7423230974632844,5.067573070526123
700,0.004153054905868768,0.9971955128205128,0.005326263774783215,0.9807743658210948,6.137284755706787
800,0.004020188075418656,1.0,0.004739934773568576,1.0,6.880990505218506
900,0.004167722881482825,1.0,0.004568339620738008,1.0,7.311234951019287
