training_step,train_loss,train_acc,val_loss,val_acc,llc
12800,0.00373831499181525,0.16054778554778554,0.0038233505757492097,9.711566475672526e-05,17.356910705566406
25600,0.0032493742337189333,0.972465034965035,0.003619728685125406,0.9168689909682431,37.10575485229492
38400,0.0031613521016716287,1.0,0.0032678587830951896,1.0,64.30003356933594
51200,0.0037594618264092934,1.0,0.003788874698933071,1.0,68.55220794677734
64000,0.00426282084008732,1.0,0.004280141095126227,1.0,67.80722045898438
