batch,train_loss,train_acc,val_loss,val_acc,llc
100,0.006836206504279592,0.14484126984126985,0.007080959426470039,0.0023140495867768596,1.2323601245880127
200,0.006686411411797125,0.3080357142857143,0.007659367999785449,0.0023140495867768596,2.240999698638916
300,0.006203138733124231,0.5238095238095238,0.008078071848173772,0.015867768595041323,3.525049924850464
400,0.005425041085612657,0.8229166666666666,0.0077643412476297744,0.2585123966942149,4.798087120056152
500,0.004701970327929187,0.9751984126984127,0.006850579758598046,0.8261157024793389,5.71185827255249
600,0.004441506522573671,1.0,0.0058841458454050805,0.9993388429752066,6.405856609344482
700,0.004375840345303351,1.0,0.00510498242175653,1.0,6.900008678436279
800,0.005013034197281018,1.0,0.005397512059320103,1.0,7.003576278686523
