batch,train_loss,train_acc,val_loss,val_acc,llc
100,0.006678133998643074,0.1295166588456124,0.006818797211893709,0.0031269543464665416,0.6672424077987671
200,0.006569206483329108,0.2580947911778508,0.007149692074255348,0.002188868042526579,1.249065637588501
300,0.0063971294104792475,0.4289066166119193,0.007634132476424504,0.008130081300813009,2.0805132389068604
400,0.006128109021714121,0.6152041295166588,0.007818937631588361,0.06285178236397748,2.894489288330078
500,0.00564902394215464,0.8174565931487564,0.00754236061521471,0.3067542213883677,3.65427303314209
600,0.005358521337522581,0.9516658845612389,0.007086256832895501,0.7288930581613509,4.277973175048828
700,0.005443406422635176,0.998592210229939,0.006816753077077877,0.9715447154471545,5.2031660079956055
800,0.005761485812763397,1.0,0.006659082562229908,0.9996873045653534,5.73068380355835
900,0.005965708203636484,1.0,0.006493919644780862,1.0,6.292209625244141
