batch,train_loss,train_acc,val_loss,val_acc,llc
100,0.009104615438129099,0.7756010685663401,0.009290428574761533,0.0,6.61725378036499
200,0.009155988839197032,0.4630454140694568,0.009276875449413012,0.0,6.162864685058594
300,0.00870646610449691,0.4541406945681211,0.00912604202579349,0.06880189798339265,6.9420905113220215
400,0.008016801414346174,0.9287622439893143,0.00927401516693705,0.5510083036773428,11.558647155761719
500,0.008198794688638017,0.9910952804986642,0.009825615115653755,0.8867141162514828,16.876949310302734
600,0.008869018558684806,0.9982190560997328,0.010321854797942058,0.9709371293001187,21.10086441040039
700,0.009156943750853849,0.9982190560997328,0.010288437254492674,0.9952550415183867,23.247304916381836
800,0.009556643934779447,1.0,0.010452495097411378,1.0,25.02449607849121
