training_step,train_loss,train_acc,val_loss,val_acc,llc
12800,0.003327979384538684,0.04842342342342342,0.0033361094553153894,0.0005254860746190226,16.900285720825195
25600,0.0033128682283793684,0.07635135135135135,0.0033466493784879334,0.0035282636438705803,17.725624084472656
38400,0.0032885575378345123,0.2007882882882883,0.003385680827165562,0.035132497560243225,20.821271896362305
51200,0.0032081323385821773,0.5815315315315316,0.0033406253938921336,0.3243750469183995,24.178752899169922
64000,0.003230522117401297,0.8677927927927928,0.0033661169210235905,0.7558741836198484,29.401473999023438
76800,0.0031806387648831732,0.980518018018018,0.003306348859880976,0.96156444711358,34.000732421875
89600,0.0033344274655777357,0.9841216216216216,0.0034439414769846513,0.9738007657082801,37.49529266357422
102400,0.003346153984485018,0.9952702702702703,0.003446257753482539,0.9931686810299527,39.51594543457031
