training_step,train_loss,train_acc,val_loss,val_acc,llc
3200,0.003894862296998702,0.11052549992249264,0.003948255931681604,0.0009299442033477991,6.023895263671875
6400,0.003959389644901039,0.1511393582390327,0.004142814699912994,0.0,8.186521530151367
9600,0.004017419384981137,0.20074407068671524,0.004362417097155511,0.00010332713370531102,10.27506160736084
12800,0.0038757586855758365,0.27003565338707175,0.004349585866013214,0.0006199628022318661,11.438898086547852
16000,0.0037052180148975716,0.41853976127732134,0.004240343879035894,0.035131225459805744,12.314002990722656
19200,0.0034711471074168375,0.8276236242443032,0.004013012068457385,0.577082041744162,13.954435348510742
22400,0.003116948526811592,0.9944194698496357,0.0035572886534774644,0.986050836949783,16.973051071166992
25600,0.0029052886530637704,0.999689970547202,0.0031352848900092515,0.998656747261831,20.464689254760742
28800,0.0029072208264203075,1.0,0.003009000773179609,1.0,21.823867797851562
