training_step,train_loss,train_acc,val_loss,val_acc,llc
6400,0.004450594195202164,0.32627211181480675,0.004872395265427197,0.0,11.8434476852417
12800,0.0036079752848202536,0.9052194802358594,0.004840515213245811,0.540174672489083,24.17129135131836
19200,0.002953225825767827,1.0,0.0034103863959009536,1.0,34.07704162597656
25600,0.003616327480995732,1.0,0.003695204196663186,1.0,34.07392883300781
32000,0.004237014426123477,1.0,0.004264652936209638,1.0,33.00782775878906
