training_step,train_loss,train_acc,val_loss,val_acc,llc
3200,0.005632541484128474,0.3705989110707804,0.0065770533270854544,0.00024189646831156264,6.610413551330566
6400,0.004965071927480562,0.7234119782214156,0.007572325041141842,0.036284470246734396,12.929695129394531
9600,0.0035290111548870722,0.9938294010889293,0.005910422393038822,0.9022738268021286,16.155637741088867
12800,0.0028736581531490202,1.0,0.003947991016028015,1.0,16.972394943237305
16000,0.003223847614655342,1.0,0.0036110670145161282,1.0,16.545440673828125
19200,0.0039104612810391855,1.0,0.004080346996013308,1.0,16.043123245239258
