batch,train_loss,train_acc,val_loss,val_acc,llc
100,0.00910688006382963,0.16562778272484416,0.009317424866975167,0.0011862396204033216,2.118259906768799
200,0.008156505820755238,0.5218165627782725,0.009600981933253675,0.08362989323843416,3.466045379638672
300,0.007079860229726851,0.9706144256455922,0.009298162586481033,0.7995255041518387,6.116400718688965
400,0.007551538826398492,1.0,0.008908645814993945,0.9958481613285883,8.011454582214355
500,0.00801779813724483,1.0,0.008795401457893802,0.9994068801897983,8.755650520324707
600,0.008769625130682546,1.0,0.009219314812981962,1.0,9.07800579071045
