training_step,train_loss,train_acc,val_loss,val_acc,llc
12800,0.004030028255576987,0.5778619528619529,0.004821691452267545,0.0011221770234254454,25.495040893554688
25600,0.002553661136317846,1.0,0.0028714434652833427,1.0,61.3648681640625
38400,0.0039709878386047694,1.0,0.00399908979219156,1.0,58.14513397216797
51200,0.004709570947524963,1.0,0.004712329692430539,1.0,56.55128479003906
