batch,train_loss,train_acc,val_loss,val_acc,llc
100,0.010351163432796552,0.5280498664292075,0.014989342122898831,0.005931198102016607,6.330735683441162
200,0.007854533625475545,0.748886910062333,0.013869374421505811,0.018386714116251483,6.720103740692139
300,0.006160942532822078,0.9296527159394479,0.011991815991735048,0.16073546856465007,6.529698371887207
400,0.004790863331750645,0.9964381121994658,0.009047063169194427,0.8113879003558719,6.65540075302124
500,0.004335095849259693,1.0,0.0067780942045437215,0.9988137603795967,6.549449920654297
600,0.004338925510299917,1.0,0.005765021746052365,1.0,6.267219543457031
700,0.004688624801812486,1.0,0.0055263857485633675,1.0,6.207208156585693
