batch,train_loss,train_acc,val_loss,val_acc,llc
100,0.007940931692271629,0.8566340160284951,0.015518204375332573,0.013641755634638196,11.746996879577637
200,0.004280694908415194,0.9946571682991986,0.01022310503719823,0.5498220640569395,11.588167190551758
300,0.0031373221470741347,1.0,0.005997960009387874,0.9988137603795967,11.102272033691406
400,0.003608803502395948,1.0,0.004835266823474923,1.0,10.518964767456055
500,0.004944155228432875,1.0,0.005461416105891126,1.0,10.220317840576172
