training_step,train_loss,train_acc,val_loss,val_acc,llc
12800,0.003921345299964099,0.7681372549019608,0.005357127605632052,0.024342427707890867,31.85298728942871
25600,0.002496708237923289,1.0,0.002907370571772833,1.0,59.12977600097656
38400,0.0038048425426263836,1.0,0.0038475441489885386,1.0,54.94489288330078
51200,0.005079507574498398,1.0,0.00508326232759533,1.0,53.3083610534668
