training_step,train_loss,train_acc,val_loss,val_acc,llc
12800,0.0040151860671127386,0.49422361464656356,0.004606364676070039,0.00039154267815191856,23.85953140258789
25600,0.0023652478959630217,1.0,0.0026906630008147665,1.0,62.01025390625
38400,0.003829877286033739,1.0,0.0038601198321849173,1.0,60.29928207397461
51200,0.0048566363806232145,1.0,0.004860487100343711,1.0,58.694610595703125
