training_step,train_loss,train_acc,val_loss,val_acc,llc
6400,0.006295707128593823,0.7669691470054446,0.010378138789610624,0.008708272859216255,5903.2021484375
12800,0.004402103173308169,0.9934664246823957,0.007842796283580785,0.664247701983551,5981.341796875
19200,0.00403308444335286,1.0,0.005229627075107218,1.0,5949.08203125
25600,0.004263416117314121,1.0,0.004780018528061457,1.0,5867.37890625
32000,0.004705098145785057,1.0,0.005002658582374951,1.0,5846.08544921875
