batch,train_loss,train_acc,val_loss,val_acc,llc
100,0.004290721109692581,1.0,0.014508236128083416,0.05812574139976275,40.832435607910156
200,0.003351163734015963,1.0,0.011344605143991777,0.39798339264531435,39.21322250366211
300,0.003262315760262954,1.0,0.007934898054083612,0.9851720047449585,35.92253875732422
400,0.004859129731557461,1.0,0.0063256894874641695,1.0,32.81244659423828
500,0.008052113642609236,1.0,0.008278355411444996,1.0,30.977458953857422
