training_step,train_loss,train_acc,val_loss,val_acc,llc
3200,0.006506179489416804,0.7550287356321839,0.011046304517278921,0.0023934897079942556,8.750164985656738
6400,0.004959839661792991,0.9813218390804598,0.011717178080188153,0.170416467209191,13.401057243347168
9600,0.0038147706750194252,1.0,0.009211478437229727,0.777884155098133,13.836811065673828
12800,0.0035645381971356064,1.0,0.007250475722854148,0.9808520823360459,13.397651672363281
16000,0.003722597504183168,1.0,0.005999654879443109,1.0,12.913890838623047
19200,0.0042332373964252355,1.0,0.0055051403437362595,1.0,12.339613914489746
