training_step,train_loss,train_acc,val_loss,val_acc,llc
3200,0.006308106645166065,0.584958217270195,0.008963653232498509,0.0014847809948032665,7.596454620361328
6400,0.004719735429593697,0.9314763231197771,0.009843645973439428,0.11692650334075724,13.79133415222168
9600,0.003771508640991031,0.9977715877437325,0.007661423096160177,0.8414996288047513,15.104467391967773
12800,0.0035146715402250336,1.0,0.005700369000105766,0.9981440237564959,14.62161922454834
16000,0.003825140419522492,1.0,0.004907014830046248,1.0,14.07815933227539
19200,0.004289451986680995,1.0,0.0048169223727373535,1.0,13.55359172821045
