training_step,train_loss,train_acc,val_loss,val_acc,llc
6400,0.00576378272580412,0.5553921568627451,0.008168236549159798,0.004574415945107008,9742.90234375
12800,0.0045786799275768265,0.9269607843137255,0.007002975314087512,0.38033001143603984,9814.0732421875
19200,0.003909394605936684,1.0,0.0046465062035186515,1.0,9766.2919921875
25600,0.004134494805475697,1.0,0.004365043308358567,1.0,9653.787109375
32000,0.004513279061396971,1.0,0.004626883704320578,1.0,9556.75390625
