batch,train_loss,train_acc,val_loss,val_acc,llc
100,0.006660567514392089,0.1689347724073205,0.006868234499496844,0.0006253908692933083,1.3276838064193726
200,0.006515715602835171,0.29235100891600185,0.007304463588549354,0.0,2.0817909240722656
300,0.0060588718830738506,0.4936649460347255,0.007695894087580329,0.008130081300813009,3.4227797985076904
400,0.005578280413669286,0.7883622712341624,0.00759948098192165,0.217010631644778,4.360826015472412
500,0.005290781289049748,0.9784138901923979,0.007153043303413874,0.8005003126954346,5.503497123718262
600,0.004930935684151874,1.0,0.006172544404886444,0.9968730456535334,6.277340888977051
700,0.005498256531060231,1.0,0.006120015119928738,1.0,6.9001970291137695
800,0.0059882250233369355,1.0,0.006282206913636877,1.0,7.114510536193848
