training_step,train_loss,train_acc,val_loss,val_acc,llc
6400,0.004919145539927754,0.8566468253968254,0.009148365342296844,0.0059504132231404955,19.247867584228516
12800,0.003270098131617978,0.9995039682539683,0.007801856751253536,0.6991735537190082,27.82110595703125
19200,0.003077961045612086,1.0,0.005235048826506807,1.0,27.069915771484375
25600,0.0038264736149502578,1.0,0.004628005260293764,1.0,25.266536712646484
32000,0.005112633565514688,1.0,0.005376685092395002,1.0,23.96539878845215
