training_step,train_loss,train_acc,val_loss,val_acc,llc
12800,0.004013855264737322,0.641406420615855,0.004964218360102116,0.004366812227074236,27.476285934448242
25600,0.0028683458415550986,1.0,0.0032513300397160856,1.0,60.742759704589844
38400,0.004218480876447817,1.0,0.0042537237329441065,1.0,57.70273971557617
51200,0.005438615698050069,1.0,0.005436234910710778,1.0,55.81797409057617
