batch,train_loss,train_acc,val_loss,val_acc,llc
100,0.008496758708844785,0.38824577025823687,0.010004343314169247,0.0011862396204033216,3.3752658367156982
200,0.006673632452939492,0.9634906500445236,0.00923298802922788,0.7698695136417556,7.359067440032959
300,0.0077514688941324175,1.0,0.008283440475512301,1.0,8.739582061767578
400,0.008452352125177745,1.0,0.008614804148828679,1.0,8.951480865478516
500,0.010389322477192988,1.0,0.01041614030756295,1.0,9.034407615661621
