batch,train_loss,train_acc,val_loss,val_acc,llc
100,0.004630523371383323,1.0,0.016475701367665935,0.04151838671411625,46.128639221191406
200,0.003909876405278873,1.0,0.014878555710293785,0.08540925266903915,44.524078369140625
300,0.0036768335987957244,1.0,0.013742788177765773,0.13997627520759193,43.22170639038086
400,0.003371085494944124,1.0,0.012002731145338586,0.31969157769869516,40.92388916015625
500,0.0033049604580559348,1.0,0.00968576212079968,0.800711743772242,38.327911376953125
600,0.0035241738518240564,1.0,0.0077068948317849445,0.9899169632265717,36.13829040527344
700,0.0038672878356353574,1.0,0.006662874211350617,0.9988137603795967,34.42655563354492
800,0.004252331319139841,1.0,0.00612403139359321,1.0,33.490875244140625
