training_step,train_loss,train_acc,val_loss,val_acc,llc
12800,0.004195934855185139,1.0,0.012920512986766658,0.07036859741503111,43.80217742919922
25600,0.0034219294459620574,1.0,0.010049745017843649,0.5275251316419339,43.976043701171875
38400,0.00340518597834583,1.0,0.006802660544046686,0.9971278123504069,39.85203552246094
51200,0.005389180711481249,1.0,0.006252621840855018,1.0,35.8565673828125
64000,0.009241828017857397,1.0,0.009349888263296116,1.0,33.853904724121094
