batch,train_loss,train_acc,val_loss,val_acc,llc
100,0.009596786699991736,0.5681211041852182,0.01475556549800655,0.0035587188612099642,4.869078636169434
200,0.008153874545672433,0.7809439002671416,0.015397736383436307,0.01542111506524318,5.982515335083008
300,0.007439791890008845,0.9029385574354408,0.015331106870252891,0.05634638196915777,6.136111736297607
400,0.006761352487036151,0.9830810329474622,0.013715676319799778,0.2763938315539739,6.50729513168335
500,0.006225038556803353,0.9982190560997328,0.011977133961462926,0.6393831553973903,6.324330806732178
600,0.005972839327975245,1.0,0.010067490460616255,0.9478054567022538,6.318264961242676
700,0.00590836589485042,1.0,0.008785193508451148,0.9893238434163701,6.297167778015137
800,0.006434361099987851,1.0,0.00865299656654654,0.9994068801897983,6.207547664642334
900,0.006178382614532938,1.0,0.007848020619243242,1.0,6.137286186218262
