training_step,train_loss,train_acc,val_loss,val_acc,llc
6400,0.004932469244131328,0.980510752688172,0.013154749374417943,0.042991491267353334,4835.4951171875
12800,0.0030549167198040124,0.9993279569892473,0.00989942546505139,0.41961486789072994,4799.8046875
19200,0.0025399406182376907,1.0,0.007528854219557403,0.916703985669503,4801.884765625
25600,0.0025061650473314026,1.0,0.006126880729792034,0.9977608598298253,4750.3515625
32000,0.0025553884056975103,1.0,0.00516538476048849,0.9991043439319302,4722.09375
38400,0.002960467311930442,1.0,0.004774801508576492,1.0,4685.87548828125
