training_step,train_loss,train_acc,val_loss,val_acc,llc
6400,0.005000602574699979,0.7451923076923077,0.007684622106772757,0.002403204272363151,17.163448333740234
12800,0.0032940205145188463,0.9995993589743589,0.006386350244669136,0.9292389853137517,28.905017852783203
19200,0.002495732289016581,1.0,0.003490956257643285,1.0,28.375831604003906
25600,0.003241717058139889,1.0,0.0035321127030829365,1.0,26.79811668395996
32000,0.004397617634169411,1.0,0.004493230143474919,1.0,25.704830169677734
