training_step,train_loss,train_acc,val_loss,val_acc,llc
6400,0.0037603861774292953,0.12572843822843824,0.003815811771264169,9.711566475672526e-05,10.0159330368042
12800,0.003712180032791561,0.23499417249417248,0.00390343959798724,0.0007769253180538021,12.776236534118652
19200,0.0035047916335782083,0.6522435897435898,0.00388454820324382,0.3301932601728659,18.69344711303711
25600,0.0030754218222447216,0.9995629370629371,0.0034539963048319756,0.9975721083810819,26.846893310546875
32000,0.0026840456314313026,1.0,0.002856396077164773,1.0,36.064422607421875
38400,0.0030311457053305026,1.0,0.0030920518438015314,1.0,39.04572677612305
