training_step,train_loss,train_acc,val_loss,val_acc,llc
6400,0.003865568425666314,0.14772903425825454,0.003959854078334957,0.00020665426741062204,10.368053436279297
12800,0.0037995709554302223,0.27360099209424893,0.004107493061824823,0.0006199628022318661,14.227249145507812
19200,0.003401464993938852,0.8784684545031778,0.003932495641627579,0.6953916098367431,22.352872848510742
25600,0.0027951894433495598,1.0,0.00311841530991727,1.0,32.708213806152344
32000,0.0030865207983423707,1.0,0.0031691101829764436,1.0,37.899070739746094
38400,0.0033510306931571862,1.0,0.003382168002886608,1.0,38.16482162475586
