batch,train_loss,train_acc,val_loss,val_acc,llc
100,0.00682862897057988,0.1939484126984127,0.007127970345472255,0.0006611570247933885,2.2217540740966797
200,0.006715087502333705,0.31646825396825395,0.007665774520055568,0.0009917355371900827,3.2807483673095703
300,0.006227266934613922,0.5024801587301587,0.008146267274687112,0.011900826446280991,4.874236106872559
400,0.005121628789527763,0.8581349206349206,0.007396941654199411,0.38809917355371903,6.057590007781982
500,0.003988361373702656,0.9985119047619048,0.005682714925309228,0.9838016528925619,7.326943397521973
600,0.0035803419353518016,1.0,0.004381697257395741,1.0,7.657534599304199
700,0.004066069673706171,1.0,0.004429698709229176,1.0,7.709737300872803
