training_step,train_loss,train_acc,val_loss,val_acc,llc
3200,0.004507109952517487,0.17529461279461278,0.004674513149013157,0.0,5.961123466491699
6400,0.004582321565694871,0.2603114478114478,0.00512299621416323,0.0,9.148703575134277
9600,0.004357074826819782,0.4358164983164983,0.005298911977148078,0.01038013746668537,12.040400505065918
12800,0.0036356813626950654,0.9160353535353535,0.004680261893130223,0.6742881189507645,15.12381362915039
16000,0.0032855191961374142,1.0,0.003931304836423114,0.9994389114882872,18.25818634033203
19200,0.003076838206551555,1.0,0.0032986673823799345,1.0,20.027114868164062
22400,0.003262170043857047,1.0,0.003350635003983067,1.0,20.058988571166992
