training_step,train_loss,train_acc,val_loss,val_acc,llc
6400,0.005051478749891564,0.6551724137931034,0.007140956781998306,0.0024189646831156266,15.715368270874023
12800,0.00344978906184658,0.9956442831215971,0.0063318099238471376,0.8623609095307209,28.673297882080078
19200,0.0029965841590837592,1.0,0.003866522936598746,1.0,29.32952880859375
25600,0.0036850264588347255,1.0,0.003918322010754721,1.0,27.696502685546875
32000,0.004655360211423867,1.0,0.004734390290218834,1.0,26.614028930664062
