batch,train_loss,train_acc,val_loss,val_acc,llc
100,0.006546034162925459,0.9465716829919858,0.009526341925966216,0.5907473309608541,11.078185081481934
200,0.007581272750067875,1.0,0.007762884526996302,1.0,15.259612083435059
300,0.010188249541481398,1.0,0.010161982447379583,1.0,15.40079402923584
400,0.011618840727931882,1.0,0.011489812008515088,1.0,15.500070571899414
