training_step,train_loss,train_acc,val_loss,val_acc,llc
6400,0.005264407733693968,0.8997214484679665,0.0104569509269707,0.016332590942835932,20.07772445678711
12800,0.0032844815085431908,0.9988857938718663,0.00845655303001791,0.6443949517446177,26.669696807861328
19200,0.00301968200718543,1.0,0.005789217361526974,1.0,25.846914291381836
25600,0.0039021779275901385,1.0,0.005043397710724985,1.0,23.98992919921875
32000,0.005444901678347986,1.0,0.005830253349270038,1.0,22.632339477539062
