training_step,train_loss,train_acc,val_loss,val_acc,llc
6400,0.004403890520798729,0.2742003367003367,0.004746121569628204,0.0,11.239063262939453
12800,0.003780500402273093,0.8665824915824916,0.004878025313063062,0.46416047131434984,23.31320571899414
19200,0.0028856858358873674,1.0,0.0033247616123875767,1.0,34.236846923828125
25600,0.003712545935321687,1.0,0.003781902948658308,1.0,34.34013366699219
32000,0.004419253246646268,1.0,0.0044394208062210234,1.0,33.40386962890625
