training_step,train_loss,train_acc,val_loss,val_acc,llc
3200,0.005344272750767002,0.3216540404040404,0.005937774864439052,0.00021039343572480537,6.313967704772949
6400,0.004993567083808805,0.586489898989899,0.006889531999930674,0.013044393014937934,12.19068431854248
9600,0.004194072157450578,0.9712752525252525,0.006162609786654231,0.7593099095308227,15.862322807312012
12800,0.003586083290098362,1.0,0.004467114772031963,1.0,17.634899139404297
16000,0.0038236626689945527,1.0,0.004097047464695951,1.0,17.503719329833984
19200,0.004443756488932066,1.0,0.0045546146566544,1.0,16.962289810180664
