training_step,train_loss,train_acc,val_loss,val_acc,llc
12800,0.0038744575392070505,0.9915674603174603,0.009904677550316104,0.07900826446280992,47.30204391479492
25600,0.003121376908633725,1.0,0.006690366544783854,0.9593388429752067,49.90841293334961
38400,0.003574204837879358,1.0,0.004600716512881158,1.0,44.54533004760742
51200,0.00521397133799462,1.0,0.005404707579142298,1.0,41.1258544921875
