training_step,train_loss,train_acc,val_loss,val_acc,llc
6400,0.005505278210387355,0.4615196078431373,0.007206361581296157,0.0037575559549093284,4597.8046875
12800,0.004576893581172186,0.8404411764705882,0.006622249004777214,0.22283940532592714,4733.830078125
19200,0.004192145808894351,1.0,0.00514733597954677,0.9980395360235256,4831.79443359375
25600,0.005049044495635648,1.0,0.005274061567085087,1.0,4829.65185546875
32000,0.0056310715973285925,1.0,0.005732869200138845,1.0,4800.875
