training_step,train_loss,train_acc,val_loss,val_acc,llc
6400,0.004552036264484154,0.3598868724958756,0.005079647575227407,0.0,12.009596824645996
12800,0.0034390283179628104,0.9804383690784823,0.004801490318139549,0.8435438265786993,26.634963989257812
19200,0.0034602354505085526,1.0,0.003749304978483296,1.0,33.68956756591797
25600,0.0040957183205513155,1.0,0.004157611661317939,1.0,32.64303207397461
32000,0.004781894091799444,1.0,0.004791970303048945,1.0,31.768178939819336
