batch,train_loss,train_acc,val_loss,val_acc,llc
100,0.009541871675927911,0.4933214603739982,0.013689873265577558,0.0071174377224199285,4.147744178771973
200,0.008705530168226557,0.717720391807658,0.014871249033396672,0.01601423487544484,5.23905086517334
300,0.007464350655240372,0.9154051647373108,0.013737925380790961,0.12277580071174377,5.470038414001465
400,0.00610254738912756,0.993766696349065,0.010971057116609699,0.6595492289442467,5.893755912780762
500,0.005182260242294941,1.0,0.008340993642581633,0.9709371293001187,5.744370460510254
600,0.005336733736870736,1.0,0.007158180526960398,0.9994068801897983,5.682941436767578
700,0.005898662398089112,1.0,0.006988340080356665,1.0,5.642716407775879
