training_step,train_loss,train_acc,val_loss,val_acc,llc
6400,0.004756771807186108,0.4406058995482328,0.005591261862479269,0.0005313496280552603,13.060478210449219
12800,0.003524705288327098,0.9914961466914696,0.005222172833267524,0.8900106269925611,28.4130916595459
19200,0.003250856286495401,1.0,0.003605262720335527,1.0,32.424991607666016
25600,0.0041645782015407905,1.0,0.004242317933033989,1.0,31.053539276123047
32000,0.005145363752199809,1.0,0.005165546176591548,1.0,30.3523006439209
