training_step,train_loss,train_acc,val_loss,val_acc,llc
6400,0.005297038697139923,0.4142825944529373,0.006650069043897038,0.0024745269286754004,4854.27197265625
12800,0.004527783912509317,0.7147848875300284,0.006208939897777646,0.08311499272197963,4962.3037109375
19200,0.004251348037123404,0.9991264468224503,0.005324511873546657,0.988646288209607,5103.85693359375
25600,0.004638362679057772,1.0,0.0048869659861528044,1.0,5146.5205078125
32000,0.005111487632563252,1.0,0.00520631530114722,1.0,5129.42333984375
