training_step,train_loss,train_acc,val_loss,val_acc,llc
6400,0.0053733205013947296,0.523921753476314,0.007416143955325195,0.0026704366949418788,7409.484375
12800,0.004349471204643075,0.8300730615130804,0.006717583739663674,0.1561420043983663,7531.951171875
19200,0.0033550650573215086,1.0,0.004278993595170897,0.9998429154885329,7598.74560546875
25600,0.003657054587320238,1.0,0.003904430903141784,1.0,7498.58154296875
32000,0.004059916561139752,1.0,0.0041773649276884645,1.0,7483.95068359375
