batch,train_loss,train_acc,val_loss,val_acc,llc
100,0.011161141230650942,0.5476402493321461,0.016215313079049932,0.004744958481613286,6.846856594085693
200,0.008481046865040724,0.7542297417631345,0.014980503690483166,0.010083036773428233,7.0704851150512695
300,0.006668014462435168,0.9162956366874443,0.013105202040083768,0.09786476868327403,6.888919830322266
400,0.005036815218374511,0.9946571682991986,0.010266016559478687,0.603202846975089,7.136504650115967
500,0.004268657771052788,1.0,0.007655177646828097,0.9655990510083037,6.973132133483887
600,0.003931499018316437,1.0,0.006166839463667213,1.0,6.659578323364258
700,0.003937797215356693,1.0,0.005409983628896791,1.0,6.542848110198975
