training_step,train_loss,train_acc,val_loss,val_acc,llc
6400,0.003602606178664164,0.12574930065272413,0.003640897216840479,8.87941751021133e-05,10.136665344238281
12800,0.0035875451033549124,0.17050752630877847,0.0037035216137242875,0.0003551767004084532,11.90831184387207
19200,0.003514686697226579,0.33875049953376846,0.0037657616113502246,0.0333866098383946,15.539104461669922
25600,0.0031772831112496973,0.8954309311309444,0.0035036695397961267,0.7782809447700231,20.322952270507812
32000,0.002970656918542167,0.9997335819901425,0.0032590763957670204,0.9997336174746937,27.35472869873047
38400,0.002860994008745027,1.0,0.0030080456302959894,1.0,35.807228088378906
44800,0.0032501973335701782,1.0,0.003315949602442233,1.0,39.782752990722656
