batch,train_loss,train_acc,val_loss,val_acc,llc
100,0.00585098153097142,0.9893143365983972,0.015473312245348241,0.06227758007117438,23.44870376586914
200,0.004348394012730485,1.0,0.011652327762432795,0.43416370106761565,22.2322998046875
300,0.003828699089327988,1.0,0.008622732013187782,0.9317912218268091,20.872177124023438
400,0.00410011522836804,1.0,0.006805491330729597,1.0,19.660810470581055
500,0.004983727648963725,1.0,0.006240735403599034,1.0,18.751907348632812
600,0.0062071184747133365,1.0,0.006722130644503066,1.0,18.147024154663086
