training_step,train_loss,train_acc,val_loss,val_acc,llc
12800,0.00405067934230696,0.7169455573886401,0.005295370147670899,0.01633678919258561,30.448806762695312
25600,0.0032658005371863637,1.0,0.003601035202646811,1.0,59.278099060058594
38400,0.004660875263338329,1.0,0.004686743642697699,1.0,55.57111740112305
51200,0.00586457236678957,1.0,0.005859731222180158,1.0,53.86466598510742
