training_step,train_loss,train_acc,val_loss,val_acc,llc
3200,0.0050071126276452944,0.24315705554079192,0.005390148677094832,0.00035423308537017357,6.314528465270996
6400,0.004914865768507149,0.4283816104172203,0.006114115849634803,0.0012398157987956076,10.712217330932617
9600,0.004310461059791822,0.8110550093010895,0.005975874805617768,0.24335812964930925,14.360940933227539
12800,0.0030422125226012924,0.9997342545841085,0.004199083569493268,0.9955720864328729,17.56315803527832
16000,0.0031801030209816154,1.0,0.0036011302622323484,1.0,18.844152450561523
19200,0.0036920605641533578,1.0,0.0038567093975681666,1.0,18.475360870361328
