training_step,train_loss,train_acc,val_loss,val_acc,llc
12800,0.004112682416308723,0.9922005571030641,0.010989011383567728,0.08277654046028211,45.379573822021484
25600,0.003075929476638275,1.0,0.007663637299765435,0.8934669636228656,47.53764343261719
38400,0.0033634057664117855,1.0,0.005115016532436832,1.0,42.878578186035156
51200,0.0048660605933133275,1.0,0.005284901489189093,1.0,38.9154167175293
64000,0.007042081140158153,1.0,0.007129662594659103,1.0,37.53876876831055
