training_step,train_loss,train_acc,val_loss,val_acc,llc
6400,0.0035542272142540495,0.09847308488612837,0.003586987232214842,0.00025877684809799017,10.1910400390625
12800,0.0035410163692472497,0.15644409937888198,0.0036335929475575595,8.625894936599672e-05,11.472284317016602
19200,0.003503473156834273,0.2498706004140787,0.003714997702235057,0.0029328042784438884,14.35193157196045
25600,0.003306162989522161,0.6630434782608695,0.003604317467995833,0.3359786077805572,17.766700744628906
32000,0.00315412078955701,0.989648033126294,0.0034673910396909305,0.9675666350383852,23.722610473632812
38400,0.003029501914006574,1.0,0.0032484048098550024,1.0,31.71498680114746
44800,0.0031673499084702997,1.0,0.0032650554989254346,1.0,38.318931579589844
