training_step,train_loss,train_acc,val_loss,val_acc,llc
6400,0.006617167705416228,0.9893143365983972,0.017614664962848876,0.036773428232502965,3002.61865234375
12800,0.005317521328811442,1.0,0.01572602753519729,0.14472123368920523,3002.97314453125
19200,0.0044766610997495964,1.0,0.013664476218835526,0.3137603795966785,3002.85498046875
25600,0.004140783862010945,1.0,0.012011263061873835,0.5249110320284698,2973.63671875
32000,0.004030415539912555,1.0,0.01033976455058898,0.8256227758007118,2973.205078125
38400,0.0037650336786766245,1.0,0.008580925490780074,0.963226571767497,2936.526123046875
44800,0.0038437597015715027,1.0,0.0073573618062825995,0.99644128113879,2899.5009765625
51200,0.0038304141351915002,1.0,0.006402989894191459,1.0,2907.154296875
