training_step,train_loss,train_acc,val_loss,val_acc,llc
12800,0.004202151242914033,0.953901996370236,0.007866096001025604,0.09772617319787132,43.94020080566406
25600,0.003773686875033103,1.0,0.005233882800132995,1.0,53.29317855834961
38400,0.004634780094818552,1.0,0.004853594390473571,1.0,48.56745529174805
51200,0.0061216965422521055,1.0,0.0061566738465176395,1.0,45.78837203979492
