training_step,train_loss,train_acc,val_loss,val_acc,llc
6400,0.005632184317237848,0.9758064516129032,0.01373596895282585,0.041648007165248545,5431.37109375
12800,0.0032935715615323756,0.9993279569892473,0.009655197202930777,0.3967756381549485,5402.49755859375
19200,0.0025629439555178647,1.0,0.007054235279873727,0.9440214957456337,5389.54248046875
25600,0.0023655562783792983,1.0,0.005563292594499756,0.9986565158978952,5326.44873046875
32000,0.0025531742775778948,1.0,0.004807262892150426,1.0,5289.05419921875
38400,0.0026142690668723755,1.0,0.004157347342919473,1.0,5254.7373046875
