training_step,train_loss,train_acc,val_loss,val_acc,llc
6400,0.005374016422371288,0.8449519230769231,0.01016709220363138,0.017089452603471295,7373.57958984375
12800,0.0031767316407077043,0.9979967948717948,0.006588429162025114,0.8889185580774366,7422.0341796875
19200,0.0028161275356699033,1.0,0.004156438948633833,1.0,7317.52685546875
25600,0.0031978550467987913,1.0,0.003857234905154329,1.0,7249.00341796875
32000,0.003431538955714458,1.0,0.0038377581851231123,1.0,7226.0869140625
