training_step,train_loss,train_acc,val_loss,val_acc,llc
12800,0.0038162952693145467,0.21919082312819718,0.003967023704999314,0.0004133085348212441,18.465442657470703
25600,0.0027052657587410124,0.999844985273601,0.0031326423468027633,0.9998966728662947,49.92330551147461
38400,0.0031228100929271826,1.0,0.003181345545505675,1.0,66.20867156982422
51200,0.0037819895744058093,1.0,0.003797314713698856,1.0,65.73231506347656
