batch,train_loss,train_acc,val_loss,val_acc,llc
100,0.00510362479176442,1.0,0.006197834024918382,1.0,26.119701385498047
200,0.011189751138782936,1.0,0.01115211384748755,1.0,27.056533813476562
300,0.012867057434750102,1.0,0.012733175080106069,1.0,27.037261962890625
