training_step,train_loss,train_acc,val_loss,val_acc,llc
6400,0.005563201825434734,0.8973214285714286,0.011825393222364759,0.018512396694214877,5766.42578125
12800,0.0031940205015647707,1.0,0.008111622503781614,0.6621487603305786,5815.42919921875
19200,0.002720662615689752,1.0,0.005299792175973989,0.9996694214876033,5747.193359375
25600,0.002759373144524741,1.0,0.00424181612831933,1.0,5695.68505859375
32000,0.0030448833920037567,1.0,0.004029656986836806,1.0,5676.9140625
