training_step,train_loss,train_acc,val_loss,val_acc,llc
6400,0.006325968499397046,0.8869047619047619,0.012421963895586405,0.023140495867768594,4990.9384765625
12800,0.004040892156823132,1.0,0.009259714640461462,0.555702479338843,5038.546875
19200,0.003493831229524591,1.0,0.006427109612860094,0.9917355371900827,5002.52294921875
25600,0.003330163974342646,1.0,0.005010725411640341,0.9996694214876033,4958.138671875
32000,0.0035612126113615914,1.0,0.004679266363074464,1.0,4932.30224609375
