batch,train_loss,train_acc,val_loss,val_acc,llc
100,0.00551458122084317,0.9848619768477292,0.014691598670864267,0.042111506524317915,21.442855834960938
200,0.00404941810515584,1.0,0.012507055752964808,0.2763938315539739,22.787389755249023
300,0.003394861466965355,1.0,0.009800452193795469,0.7319098457888493,21.793066024780273
400,0.0034983453433297222,1.0,0.007533073979059802,0.9893238434163701,20.375585556030273
500,0.004284798392598067,1.0,0.006160022161844653,1.0,19.21782684326172
600,0.0059092270234435505,1.0,0.006556518933783293,1.0,18.355579376220703
