training_step,train_loss,train_acc,val_loss,val_acc,llc
6400,0.005952006556855883,0.8723603941811356,0.011653442490989199,0.01813633520950594,5156.37548828125
12800,0.005399487922269657,0.997653683716565,0.010021066035972845,0.599437148217636,5211.6240234375
19200,0.0048403681143558905,1.0,0.007037885106017835,1.0,5170.9580078125
25600,0.00501121399886574,1.0,0.006194910767538854,1.0,5113.32275390625
32000,0.005292300117852849,1.0,0.006045066447360086,1.0,5073.52587890625
