training_step,train_loss,train_acc,val_loss,val_acc,llc
12800,0.003546284969272304,0.09562629399585922,0.0035864032777973443,8.625894936599672e-05,17.12250328063965
25600,0.0033950743086609073,0.5419254658385093,0.003574713116385095,0.21185197964288796,23.94227409362793
38400,0.003107584322691007,1.0,0.0033565575360897074,0.999309928405072,43.93315887451172
51200,0.0033555854561783983,1.0,0.003497524198998956,1.0,61.067848205566406
64000,0.003414606170376423,1.0,0.003480092336749132,1.0,69.8441162109375
