training_step,train_loss,train_acc,val_loss,val_acc,llc
6400,0.006499440308419123,0.847718253968254,0.012057524416749635,0.018512396694214877,3261.7373046875
12800,0.0052559021628223405,0.9910714285714286,0.010232263944181036,0.4072727272727273,3355.103271484375
19200,0.005970206485168698,1.0,0.008165537730044078,0.9983471074380166,3350.69384765625
25600,0.006806952172487471,1.0,0.007826309520751237,1.0,3309.240234375
32000,0.007304281176258218,1.0,0.007907510742175678,1.0,3302.79296875
