batch,train_loss,train_acc,val_loss,val_acc,llc
100,0.008779262996569793,0.36776491540516476,0.00934384646411203,0.005338078291814947,4.071652412414551
200,0.006657227512220134,0.9991095280498664,0.008523451849323292,0.965005931198102,12.347159385681152
300,0.007568993242017971,1.0,0.008112982132561584,0.9976275207591934,15.392505645751953
400,0.008193880240810258,1.0,0.008428350791405812,0.9976275207591934,15.800993919372559
