training_step,train_loss,train_acc,val_loss,val_acc,llc
6400,0.005516487063247172,0.549375441904313,0.007796159783405162,0.002827521206409048,9961.673828125
12800,0.004189083426243655,0.8849870374734857,0.006622290866349408,0.24662268300345586,10030.1474609375
19200,0.003415987656060839,1.0,0.004275860629577577,1.0,10018.607421875
25600,0.0034026650518408095,1.0,0.003655427777036636,1.0,9889.0517578125
32000,0.00391777420375648,1.0,0.004037596066008365,1.0,9799.755859375
