training_step,train_loss,train_acc,val_loss,val_acc,llc
3200,0.004735981319410252,0.2057506481263257,0.004990526085644562,0.0006283380458686773,6.132682800292969
6400,0.0047592258914047865,0.3410322884751355,0.0055911268869504455,0.0012566760917373547,10.06287670135498
9600,0.0042594161016645754,0.652839971718124,0.005547324336607019,0.07367263587810242,13.50657844543457
12800,0.003496503879298811,0.9905727079896299,0.00463942575780192,0.9502042098649073,16.604049682617188
16000,0.0030171949259843304,1.0,0.0035042671400859387,1.0,19.28664207458496
19200,0.0032675223297283893,1.0,0.0034268075954888813,1.0,19.36310577392578
