training_step,train_loss,train_acc,val_loss,val_acc,llc
6400,0.008029574579189992,0.8958333333333334,0.015475763229463889,0.025526197939991044,2001.8031005859375
12800,0.006855277199221785,0.9993279569892473,0.01409996572616679,0.36811464397671295,2065.857177734375
19200,0.006620775218815192,1.0,0.01097933970666184,0.922525750111957,2071.90576171875
25600,0.007462341839733023,1.0,0.009817864258506281,0.9986565158978952,2057.13916015625
32000,0.007729080909054466,1.0,0.00915365398182057,1.0,2054.259033203125
38400,0.008039304445202271,1.0,0.008967551767060336,1.0,2015.59033203125
