batch,train_loss,train_acc,val_loss,val_acc,llc
100,0.005153730188853846,0.9902048085485308,0.013794036318071867,0.09252669039145907,21.901256561279297
200,0.003798542849019581,1.0,0.008539084261415851,0.9240806642941874,20.188743591308594
300,0.004498511595105817,1.0,0.0061291664614246035,1.0,18.570180892944336
400,0.006827588046329529,1.0,0.007198940117955031,1.0,17.64739227294922
500,0.00912340134730561,1.0,0.009192090376013998,1.0,17.125934600830078
