training_step,train_loss,train_acc,val_loss,val_acc,llc
6400,0.00628067238929881,0.8958333333333334,0.012528170960809082,0.020165289256198347,5074.400390625
12800,0.004095939252158768,0.9975198412698413,0.009196865484580274,0.5748760330578513,5124.41259765625
19200,0.003189923892528491,1.0,0.005894962681903819,0.9986776859504132,5065.99755859375
25600,0.0038022853215576133,1.0,0.00537251425891622,1.0,5046.94775390625
32000,0.004208928232574614,1.0,0.005245465308135329,1.0,4991.09326171875
