batch,train_loss,train_acc,val_loss,val_acc,llc
100,0.010846545250724772,0.5921638468388246,0.016205767585541323,0.004744958481613286,7.137373924255371
200,0.009025783806322732,0.7818343722172751,0.0158609499578162,0.00771055753262159,7.443121910095215
300,0.0071339186824997515,0.9234194122885129,0.01408611230656045,0.08362989323843416,7.297011375427246
400,0.004953416503608419,0.9982190560997328,0.01078049590217871,0.5023724792408066,7.427669525146484
500,0.00444918529268185,1.0,0.008751770782241352,0.8985765124555161,7.3404741287231445
600,0.0036642195152878456,1.0,0.006709803680310408,0.9958481613285883,7.019539833068848
700,0.0033726230429988006,1.0,0.005542033995625431,1.0,6.938302516937256
800,0.003126900876666571,1.0,0.004802818254187641,1.0,6.776572227478027
