training_step,train_loss,train_acc,val_loss,val_acc,llc
6400,0.005460638106529904,0.9211309523809523,0.011584087496176978,0.024132231404958678,6512.87255859375
12800,0.003760693665494078,0.9995039682539683,0.008067303487861699,0.7871074380165289,6514.63671875
19200,0.0029908864917593918,1.0,0.00520536420420428,1.0,6454.5087890625
25600,0.0033119385270909997,1.0,0.004625182251392071,1.0,6391.48193359375
32000,0.0034444311678516752,1.0,0.004326001660713603,1.0,6382.0654296875
