training_step,train_loss,train_acc,val_loss,val_acc,llc
6400,0.004561591741578248,0.9744623655913979,0.012372729944693324,0.04254366323331841,5961.181640625
12800,0.003147644220750594,1.0,0.009160166927035673,0.6171070309001343,5940.30810546875
19200,0.0020644508749878745,1.0,0.006081304019104324,0.9896999552171966,5909.69091796875
25600,0.002060383698081232,1.0,0.004806203713437873,1.0,5851.31005859375
32000,0.002104861742453224,1.0,0.003987595415288358,1.0,5835.44921875
