batch,train_loss,train_acc,val_loss,val_acc,llc
100,0.007087384796770205,0.8958147818343722,0.015590846904223146,0.01542111506524318,13.22126293182373
200,0.0039861337254810765,0.98753339269813,0.012623193711075547,0.10320284697508897,13.416402816772461
300,0.002949703341301859,0.9991095280498664,0.010064049466752833,0.534994068801898,13.122801780700684
400,0.00236671339187237,1.0,0.007858942809966553,0.930011862396204,12.702911376953125
500,0.0022532847635937277,1.0,0.0065183218207855486,0.9940688018979834,12.414337158203125
600,0.0023965287295552445,1.0,0.005647971599184922,0.9988137603795967,12.062118530273438
700,0.002600764115888357,1.0,0.005147123450113953,1.0,11.673799514770508
