batch,train_loss,train_acc,val_loss,val_acc,llc
100,0.006195100227696224,0.13501602564102563,0.006325686344123372,0.000534045393858478,2.2405104637145996
200,0.006141239772776503,0.19631410256410256,0.006535886646122814,0.0,2.8751773834228516
300,0.006136822189103277,0.2796474358974359,0.007027874971542244,0.000534045393858478,3.7748923301696777
400,0.005827634202619382,0.4046474358974359,0.007193317147809888,0.004806408544726302,4.79317569732666
500,0.005476868369954993,0.6546474358974359,0.0070718627701574395,0.12069425901201603,5.62067174911499
600,0.004706581534591327,0.9463141025641025,0.006261275142048286,0.7420560747663552,6.263267517089844
700,0.0037224908202729123,0.999198717948718,0.00483090244277128,0.9973297730307076,7.392543792724609
800,0.0034479265808700942,1.0,0.004026877568681564,1.0,8.092350006103516
900,0.003548008950206284,1.0,0.0038549759905183506,1.0,8.337693214416504
