batch,train_loss,train_acc,val_loss,val_acc,llc
100,0.003735283659630101,1.0,0.01246426493252052,0.2111506524317912,39.22621154785156
200,0.003929426387708737,1.0,0.007553683697717753,0.9905100830367735,34.31415557861328
300,0.0075602712406580294,1.0,0.007980395411997415,1.0,30.95490074157715
400,0.011518745163152076,1.0,0.011518895134997077,1.0,29.6141414642334
