training_step,train_loss,train_acc,val_loss,val_acc,llc
12800,0.003828422658024403,0.8618123837363806,0.005619432182842024,0.08413035777541622,35.1218376159668
25600,0.0031692064866555274,1.0,0.003616423686440761,1.0,57.337745666503906
38400,0.004171973008463476,1.0,0.004224672817590136,1.0,53.035545349121094
51200,0.0053816113614561616,1.0,0.0053802766112872645,1.0,51.62030029296875
