batch,train_loss,train_acc,val_loss,val_acc,llc
100,0.006862603840307288,0.15327380952380953,0.007035493528516578,0.0023140495867768596,0.6833186149597168
200,0.006725876920326199,0.28125,0.007449026166130442,0.001652892561983471,1.270115852355957
300,0.006457424879102738,0.46825396825396826,0.007934859437513942,0.007272727272727273,2.2733535766601562
400,0.006062939061227971,0.6770833333333334,0.008036640365723489,0.07669421487603306,3.0857505798339844
500,0.005630057101139784,0.8839285714285714,0.007674672469681452,0.42479338842975206,3.908139705657959
600,0.005001543189531991,0.9880952380952381,0.006769222916327109,0.9008264462809917,4.627651214599609
700,0.004685418134035971,1.0,0.005995739266076241,0.9960330578512396,5.351066589355469
800,0.004815379252827298,1.0,0.005690467905884316,0.9996694214876033,5.9139814376831055
900,0.0050856103371765965,1.0,0.005618220436086585,1.0,6.286309242248535
